{"cameraMode":{"drawMode":0,"name":"Shaded","section":"Shading Mode"},"sceneLighting":false,"audioPlay":false,"sceneViewState":{"showFog":true,"showMaterialUpdate":false,"showSkybox":false,"showFlares":true,"showImageEffects":true,"showParticleSystems":true},"in2DMode":false,"pivot":{"x":20.4226131439209,"y":0.5993946194648743,"z":0.9015817046165466},"rotation":{"x":-0.17485958337783814,"y":-0.6262164115905762,"z":0.14689062535762788,"w":-0.7454530596733093},"size":7.451429843902588,"orthographic":false}