{"cameraMode":{"drawMode":0,"name":"Shaded","section":"Shading Mode"},"sceneLighting":true,"audioPlay":false,"sceneViewState":{"showFog":true,"showMaterialUpdate":false,"showSkybox":true,"showFlares":true,"showImageEffects":true,"showParticleSystems":true},"in2DMode":false,"pivot":{"x":-3.2455215454101564,"y":1.4427056312561036,"z":0.3792266845703125},"rotation":{"x":-0.009517802856862545,"y":-0.12655627727508546,"z":-0.001214260351844132,"w":0.9919130206108093},"size":4.251061916351318,"orthographic":false}