{"cameraMode":{"drawMode":0,"name":"Shaded","section":"Shading Mode"},"sceneLighting":false,"audioPlay":false,"sceneViewState":{"showFog":true,"showMaterialUpdate":false,"showSkybox":false,"showFlares":true,"showImageEffects":true,"showParticleSystems":true},"in2DMode":false,"pivot":{"x":2.0269775390625,"y":1.3599853515625,"z":24.850000381469728},"rotation":{"x":0.26425841450691225,"y":-0.5335803031921387,"z":0.1800902932882309,"w":0.7829604148864746},"size":1.166281819343567,"orthographic":false}