{"cameraMode":{"drawMode":0,"name":"Shaded","section":"Shading Mode"},"sceneLighting":false,"audioPlay":false,"sceneViewState":{"showFog":true,"showMaterialUpdate":false,"showSkybox":false,"showFlares":true,"showImageEffects":true,"showParticleSystems":true},"in2DMode":false,"pivot":{"x":-0.8713855743408203,"y":1.0823345184326172,"z":5.552873611450195},"rotation":{"x":-0.04730585962533951,"y":0.05780959501862526,"z":-0.0027421957347542049,"w":-0.997202455997467},"size":8.822484970092774,"orthographic":false}