{"cameraMode":{"drawMode":0,"name":"Shaded","section":"Shading Mode"},"sceneLighting":true,"audioPlay":false,"sceneViewState":{"showFog":true,"showMaterialUpdate":false,"showSkybox":true,"showFlares":true,"showImageEffects":true,"showParticleSystems":true},"in2DMode":false,"pivot":{"x":-2.650120735168457,"y":0.17862603068351746,"z":2.2475790977478029},"rotation":{"x":0.30483898520469668,"y":-0.027137989178299905,"z":0.008689760230481625,"w":0.9519776105880737},"size":30.525981903076173,"orthographic":false}